address,label,distinct_targets,freq,role,record_count
4h8dr6oUEtx8LVVLRGKKPxaCbuSa1dMaU8BjQtdY8acj,auto:both,1,1,first_sniper,0
3cR2BiYJP5rdhsY782ouUGK4dn8T2JB1ktoamfBx67Mo,auto:both,1,1,follower,13
CYWSUxPu1tEZnkH5qpmdStxXRYyf4qRDXTPkFBSKy1Ei,auto:first_sniper,1,1,follower,0
DioQAVDxzPAGnvFns5XqQRdoC7XUH1MBh9JhCAVogJKh,auto:first_sniper,1,1,follower,3
BDQwhTvvjW1wQvhQ6JQYXdUxncrUxz7GzX4hEhYTfp9n,auto:follower,1,1,follower,0
BKN8sgRyYJ14TTqFaRtycNVtVJTSCk2uC7jXDLw2Z5gm,auto:first_sniper,1,1,follower,0
HCsVftaMsjHf88jDM26hdg5NrXT42pvpETUhzbYj5MfW,auto:follower,1,1,follower,0
9sWcjjSPEKd7qYUEbBEha2qjj2cg3oLSSULyFbRYpgjW,auto:first_sniper,1,2,follower,25
DhfJFdtWgtRFGfG8EhnUto1SXmwjZdpE4erBgjej3JEm,auto:first_sniper,1,2,follower,0
DG1HN5asM66Pzw2AoAtfWptjCGYXTwf3CVuxnRbsJsSk,auto:follower,2,2,follower,0
F6XJTh93VGFcbnf2FJmyR6f3y2HZsav25EeEaZosYouk,auto:first_sniper,2,2,follower,48
3StR7xYsMvNqD9hRc2nqx9T9weZmNNQnTFKmrBV3tTXA,auto:first_sniper,2,2,follower,0
Ff7f1nPPKz1ueMvg1aXqeCeNxeWeaga7f1hP7SrjAsgj,auto:follower,2,2,follower,0
BDW8Bjoe9fgfRPAkSf3Kpnphdd4ugWwsLitSxvqo4gg4,auto:follower,2,3,follower,17
AkfrEiNctkZnZtSSrTKF8wEAKsfqds4tRor34cKNqGtV,auto:both,2,3,both,0
Es9tQNeorTcGmE4MpEDVYc743GGywx8wFBRjytPDB9M9,auto:follower,2,3,follower,0
6XPyYm3yVsfr3eiTLPwND3omrZobn62SPP2eXt8EddL1,auto:both,2,3,both,0
dsegg9CXSkMxMCzPz9YEYQ3PKrsonoAZoc5Sguk4BFn,auto:follower,2,3,follower,0
GdZHaYnB98qSPR5BXvxZqejtRy9VXZDhXNWRWHfBQ4hr,auto:both,2,3,both,0
4GH9W25oL6zWF4aoMhXsYbadnqz2dPJ7v14vrvybqEPN,auto:both,2,3,both,0
9XnaVjr6AmpXNGeugiAJMvUvUA2r3U7snZ9gpjand6NL,auto:follower,2,3,follower,6
Azq4zmTrCCjLZBeKcrkJKTndZGEct5sFxEvrt375nnQR,auto:follower,2,3,follower,0
2k2jJVet1SeAKvVSbvd8pZbqpaLcbMgRmYx8EhNTUJf9,auto:follower,2,3,follower,0
GjKjTmzuoAMdxmKHJpQp9PTJLNuvN1SBXAEARr4GEB1c,auto:follower,2,3,follower,0
7ZU98Vg3y5ihzgoG9BKZ2uNZBeT7dN8PuuPrgtxhZkPq,auto:both,2,3,both,0
A5fcyeoP6cMywvECSYR6UAe5qTPSMaSUcFxF9HvWbWze,auto:follower,2,3,follower,0
4tpLgC1ep7JiCy6UNTF3DdMPxXxJVqmDEjzVPd7ZkiDL,auto:both,2,4,both,0
AtrUFAj1VC2C9nUUp5b4h5exiGoFybL16EdR5d6he7DD,auto:first_sniper,2,4,follower,0
HTbmNcdJZeMxfRdzw7BGYAC5FbeCapxqyPrRWkEFVpFX,auto:first_sniper,2,4,first_sniper,3
DcRFcm3TkMzDT9D4jXXXxfGh2baajiE5QdqzwMqorA5e,auto:both,2,4,both,0
FpNMwD26c4m3pKvzwAaN7MYNuzSCuN2v4jySiaWehtPS,auto:follower,2,4,follower,0
AeX9ThGE2YEL4pexVjowYW6wmz684Wrd1NyCWQJXQdCH,auto:follower,2,8,follower,0
EyLvUdykXbDh5Z61TmcJCUpscpWjPwuauZEgbP7b56u,auto:both,2,9,both,0
7VTtyPUoJRt9bKzP19ZxAgNdmA55dBGRToGQyq7uzsju,auto:first_sniper,3,3,follower,0
7ovu7sqYQGcHwUnLfVfwjCx5VGBCiJmBrsrBv2ab1Ltx,auto:first_sniper,3,3,follower,0
8eftoRDpRcjkrT6VZ1HPSB1mJfE9SdgkNKqid58F5XKi,auto:follower,3,3,follower,0
98SF52KKhsofmQ3gztfj9qM3Y6szw8ADTvvyTt83ZPBo,auto:follower,3,3,follower,0
EWdAgcTdywcj5JxK4PEB4wN9zW2vtJDDrZcjbCUo3QaL,auto:follower,3,3,follower,0
D8pBNrTqzgr6FNWg5umqXcG32UkiBYr5vR71GTRMfujZ,auto:follower,3,3,follower,0
9bwHbhAEDTWgF8NMdxZkJLwooDcy3fshSxGanGWeskHC,auto:follower,3,3,follower,50
CBKgS8Nj714YomoPPxhVLUWos7vSrWnuL2cVKnJqWo2s,auto:follower,3,3,follower,8
EBWkQGHPc4teggp5ok1oUmoGnbyx4W4bSYTo2ynMVw2z,auto:follower,3,3,follower,0
2D9irnAJZSha2woP4eAsDAFkb3fsvUyeLFMsW23vCLVp,auto:follower,3,3,follower,0
DuuRTor81GRbkNPPTmpwLDVhgtLvnbYpb1dcSuxHNFZW,auto:follower,3,3,follower,0
9kyFWxq6pA8vSWXBNwhhkSAGv5A9GRxbPKMA48Bgu6g2,auto:follower,3,3,follower,0
Fg2dqPdxiyqmGgvjH4HRqy1o7adkxMapsFapnCjbsCPe,auto:follower,3,3,follower,6
9999huSCf6QpepPHQVFLZ9smhsbwkV4XWPLboiy9qqRj,auto:follower,3,3,both,0
DudMcnMcTPYqgat3VyXkiAfgJQnmW95KfzESdxfFsLvw,auto:follower,3,3,follower,0
4AnXn3jYgc3K9cwqC8Xu93ZDM4xaaVDXhnZjFdaJs7Ed,auto:follower,3,3,follower,0
6vB9VfGpjtSTYdhJ9ZMTLXC32UDCCaKpeQmSVnGNHgXh,auto:follower,3,3,follower,19
FZU56d9iPqohXM5XBrYYBZLi2UoUnZT4V5Qf2631tEzb,auto:first_sniper,3,3,first_sniper,0
GpFgPBsbCJ2g9ZQXBK86py6ap6jATMeV9LdUoi2PAUYD,auto:both,3,4,both,0
FaCYdntuk2w3KZBj4Jgm1THMG5dHAHGrW8X7VGU3wh9X,auto:follower,3,4,follower,1
9aMZN5sh6yYsvBTGQfnDiiZvFDMLnFRi8dbRsHWmZ7Z,auto:follower,3,4,follower,0
CASHUTaewCTUqa6j2SzD6vgBMvMLsNjdpuBYGTxWDBmi,auto:follower,3,4,follower,0
4bGJTuKrHuFuCrFJShSm9H4sfmQWdviTajpUGJRW67jk,auto:follower,3,4,follower,0
5ZLjPdKPQGZYNhc8KWiQY3vCBzYZVxHcrLP5ToiPL4hG,auto:follower,3,4,follower,0
2FdJD3EVx4yv13157M9awWTxiU1ShtMMbwNZhyD3UySs,auto:follower,3,4,follower,0
hP1UGEHMCEhvNHyAd7BbeFW9yQwtH6oimEaxKr92AKR,auto:follower,3,4,both,0
2z2q5gk8TDgqCidzkXkyevXH1aDaVjWL8cQwoRbMF1Jq,auto:follower,3,4,follower,10
2iSMjjhBhsRmxBTvp4ZiZkMv7baQjm5r1CYVM7nPSs5E,auto:follower,3,4,follower,0
72NWWbchKdRJKvhG6U4f9363psUttkeEkE4yk15imy8u,auto:both,3,5,both,13
7e7SoVzGg8SbXwm3kUgVnCnzdzEqQiYDRgCSMyTMPkVS,auto:first_sniper,3,5,follower,0
7sgHaJX931iVRhZnV5kznR84nUPxyZDyDjwHFY22jC8J,auto:follower,3,5,follower,1
8aaRWuPGNP1qoBk7jE9ZRMaUhNnCn1cujjUkv6KoEzVL,auto:both,3,5,both,5
EDGEKeUNA3b7L5F9BcoyvptqHAKSLi9c5JxHwFKvuNLc,auto:follower,3,5,follower,0
CAPn1yH4oSywsxGU456jfgTrSSUidf9jgeAnHceNUJdw,auto:both,3,5,both,0
CJ2EeY5dH625NEuuiLLUtnqjzT2xrDmNELnQajDm4nSC,auto:both,4,4,both,0
4gtaksjHVZgXAeu7nCg95NhdE42ewEWhEB5enaCcvqUZ,auto:first_sniper,4,4,follower,0
67LwNGrukVFFcA1XZQ9U8ddZGCBuPvPHgMxw81AeRtQ7,auto:follower,4,5,follower,0
omegoMAe1AMY5MFKQQr3JwXVy8F4eCvmBAfcpo8XAfq,auto:follower,4,5,follower,27
Gi5DyNkCLVQkcjykXVWUheM1EzCg8XjUPdcf7E8Gj2eh,auto:follower,4,5,follower,9
GyevESFwndcSesxu3MfCogNSkgqW8vnKUAihFbZYXhgk,auto:first_sniper,4,5,follower,4
4cTuSjRoxbqdiN1UcfnMtVUQtB6DSRDVtcCZUXLEhZbr,auto:first_sniper,4,5,both,19
AaaEvqkT1PCaxRA4g2VRv7dGgy5hjKDgnp7dFziRHeME,auto:follower,4,5,follower,0
88887QrRZPZmsstEXsoXXB8E7nbmUDde4Gp5s7jG3ENu,auto:follower,4,5,follower,0
5Y54sGdNsvwEzkyzLvbFj67C8SpcvkVt3GiLfwxt2uVm,auto:first_sniper,4,6,follower,0
26EZuCtxxdkgstFvYsy1U3SkoN3RHdRT2uLbgz5RhaTD,auto:follower,4,6,follower,5
CkvQYHgMeTarJrjv2xD5krbBJrwoAEU1zNrcQpPJfBby,auto:both,4,6,follower,12
4KQGocKQW25nJ8xT9GPNW5Uqy2t7eFs2NzwcXqiyuY1X,auto:follower,4,6,follower,0
FKkZfo5gGi1u1k8AfeDgasyUgnXZmNBqjE6cS3TxSNYE,auto:follower,4,7,follower,27
5hMwnsLUhwPuDH6f7JeBz1JjhBVoDK5uACZt1VjfTA1H,auto:first_sniper,4,7,follower,19
64hJxoZzjoL6MW4uwdKDkaBiZdk87ZxmthHnLwaAKUgS,auto:follower,5,5,follower,32
NUTN33YPQNsm68jwafcAsBps5aeGTCH16yWZnyRRtM8,auto:follower,5,5,follower,0
5QY3MBvLEsP4xjE4SNYJYPuwvJgoBUrDnvSaZUNsNHZT,auto:follower,5,5,follower,0
hv1Svd5VUR1ns5rAQxLZp8mCqcbhTnbc6qM3ZpRLE3Z,auto:follower,5,5,follower,0
8TPkrBcRayR3EJzaxXb87XGmJs9k1U8tdc7wX3GJgw1z,auto:first_sniper,5,6,follower,49
BWBd3hj2MmSYYYFidfXeuWGqoednsdkdHqXU75C56xpt,auto:follower,5,6,follower,8
HRBonvjq6YE62jKnXpwH9wjxLqhiikf2hdFgVTef1Cvm,auto:follower,5,6,follower,0
3Vggwn3LPougvnGa8zpYJMEN9L38tSRa45gv9odiSVF1,auto:follower,5,7,follower,0
DYXDDrZCLZVeak72eoPg7DgjYz1sW7tMaLY8PusDymQw,auto:both,6,6,both,0
haqqiUUXB5gp7gDbSjpEkw3phAjQb25r86uXJsZQgWq,auto:follower,6,7,follower,24
Be31LTByeatmLtAGbm1ZGaXnceynQgVvir3ZXd6kgiWn,auto:both,7,7,follower,23
